#{"t_start": 1653392763.088989, "env_id": "donkey-generated-track-v0"}
r,l,t
540.452358,76,4.876834
398.126551,74,7.789033
